Feed,Publish_DT,Title,Summary,Author,Link
OMG,2022-05-17 04:27:00,"""Heartstopper"" Is One Of The Best New Shows On Netflix — Now It's Time To Find Out Which Character You Are", , ,https://www.buzzfeed.com/jenniferabidor/which-heartstopper-character-are-you
Quiz,2022-05-17 13:53:00,"Out Of These 168 Taylor Swift Songs, How Many Do You Know?", , ,https://www.buzzfeed.com/sh3lby_18/taylor-swift-songs-checklist-quiz
Fail,2022-05-17 17:27:00,Do Me A Favor And Don't Freak Out When We Guess Your Zodiac Sign Based On The Hobbies You Choose, , ,https://www.buzzfeed.com/lady_emerald/pick-hobbies-guess-zodiac-sign-quiz
Fail,2022-05-17 18:25:00,I Am Genuinely Curious If You Think These 50 Kim Kardashian Outfits Are Actually Cool Or Uncool, , ,https://www.buzzfeed.com/mjs538/kim-kardashian-looks
Raw Feed,2022-05-17 18:36:00,Future You Will Probably Thank You A Bunch For Packing These 39 Travel Products, , ,https://www.buzzfeed.com/genevievescarano/travel-products-future-you-thank-for-packing
Quiz,2022-05-17 19:46:00,Take A Break From Rewatching “Heartstopper” And Take These 5 Quizzes, , ,https://www.buzzfeed.com/sarahaspler/heartstopper-quizzes
WTF,2022-05-17 20:57:00,Can I Guess Your Exact Age With Just 13 Simple Questions, , ,https://www.buzzfeed.com/angelicaamartinez/can-we-guess-age-quiz
OMG,2022-05-17 21:26:00,Let's See Which Of The 50 States You Belong In Based On The Foods You've Tried, , ,https://www.buzzfeed.com/audreyworboys/states-food-quiz
Fail,2022-05-17 21:27:00,"If You've Eaten And Enjoyed Even A Few Of These Ice Cream Flavors, We Know Your Age And Birth Month", , ,https://www.buzzfeed.com/andyneuenschwander/ice-cream-flavor-age-quiz
LOL,2022-05-17 21:29:00,"If You Can Cook Dinner For Four People Without Spending More Than $20, You Seriously Deserve An Award", , ,https://www.buzzfeed.com/sarahaspler/cook-dinner-for-20-dollars-quiz
Fail,2022-05-17 21:29:00,"With These 19 Questions, I Can Guess Your Age With A 89% Success Rate", , ,https://www.buzzfeed.com/audreyworboys/old-habits-guess-your-age-quiz
OMG,2022-05-17 21:30:00,Could You Spend $1 Million Dollars In A Week?, , ,https://www.buzzfeed.com/sarahaspler/spend-1-million-in-a-week
Fail,2022-05-17 21:31:00,"If You've Eaten Even Just Some Of These Historically Trendy Foods, I Can Guess Your Exact Age", , ,https://www.buzzfeed.com/sarahaspler/trendy-outdated-foods-age-quiz
OMG,2022-05-17 21:31:00,Let's See How Accurate This 29-Song Quiz Is At Guessing Your Age, , ,https://www.buzzfeed.com/audreyworboys/music-age-quiz
Fail,2022-05-17 21:33:00,We Know Your Exact Age Based On How Many Of These High School Movies You've Watched, , ,https://www.buzzfeed.com/sarahaspler/watched-it-skipped-it-high-school-movies-age-quiz
Fail,2022-05-17 22:27:00,Order A Meal At A Fancy Restaurant And We'll Accurately Guess Your Zodiac Sign, , ,https://www.buzzfeed.com/ent7337/order-fancy-meal-guess-zodiac-sign-quiz
Quiz,2022-05-18 00:16:00,Here Are 22 Of The Best Stop-Motion Movies Of All Time — How Many Have You Seen?, , ,https://www.buzzfeed.com/hellocg/stop-motion-movie-checklist
WTF,2022-05-18 08:27:00,"This Woman Went Home And Sobbed After Seeing Her Mother-In-Law At The Airport, And People Have Big Things To Say", , ,https://www.buzzfeed.com/jenniferadams2/this-woman-walked-out-on-a-family-trip-after-seeing-her
Quiz,2022-05-18 09:13:00,Can I Guess Which Air Sign Your Soulmate Is Most Like?, , ,https://www.buzzfeed.com/kpopaddict13062013/soulmate-air-sign-quiz
Fail,2022-05-18 19:27:00,"It Seems Bogus, But Your Go-To McDonald's Order Will Reveal The Exact Age You'll Get Married", , ,https://www.buzzfeed.com/sarahaspler/mcdonalds-order-age-wedding-quiz
Fail,2022-05-18 20:27:00,Go Grocery Shopping For The Week And We'll Accurately Guess Your Age, , ,https://www.buzzfeed.com/koko_jones/go-grocery-shopping-and-well-guess-your-age
Fail,2022-05-18 22:25:00,I Bet I Can Guess Your Exact Age Based On The Clothes You're Wearing Right Now, , ,https://www.buzzfeed.com/sarahaspler/outfit-age-quiz
WTF,2022-05-19 08:25:00,"These Pictures Show How Everyone From ""Stranger Things"" Seriously Transformed From Season 1 Vs. Season 4", , ,https://www.buzzfeed.com/mjs538/stranger-things-season-1-vs-4
OMG,2022-05-19 17:27:00,Your Taste In Pizza Will Reveal Your Taste In Men, , ,https://www.buzzfeed.com/sarahaspler/taste-in-pizza-and-men-quiz
Fail,2022-05-19 21:54:00,"""I Straight-Up Tell Our Clients Not To Do It”: People Are Revealing Which Current Interior Design Trends Will ""Age Poorly,"" And I Definitely Agree With Several", , ,https://www.buzzfeed.com/rossyoder/home-interior-design-trends-age-poorly
OMG,2022-05-19 23:27:00,"Promise You Won’t Freak Out Or Anything, But We Can Guess Your Age Based On Your 2000s Movie Preferences", , ,https://www.buzzfeed.com/lady_emerald/pick-movies-guess-age-quiz
Fail,2022-05-20 00:25:00,Julia Fox Went Grocery Shopping In Her Underwear And She Thinks It Should Be Socially Acceptable, , ,https://www.buzzfeed.com/alexgurley/julia-fox-underwear-grocery-store-photos
Raw Feed,2022-05-20 09:46:00,"Employees Are Sharing Truly Appalling Secrets From Their Companies, And OMG", , ,https://www.buzzfeed.com/morgansloss1/former-employees-company-secrets-reddit
Quiz,2022-05-20 15:19:00,Buy An Outfit In Every Color And I'll Tooootally Guess Your Zodiac Element, , ,https://www.buzzfeed.com/xxemilywhitexx5/outfit-color-element-quiz
Fail,2022-05-20 20:27:00,Tell Us If You've Read These 134 Kids' Books And We'll Guess Your Age, , ,https://www.buzzfeed.com/audreyworboys/kids-book-age-quiz
Quiz,2022-05-20 20:35:00,"Let's Find Out Which ""Harry's House"" Song Matches Your Soul", , ,https://www.buzzfeed.com/she13/harrys-house-song-quiz
Fail,2022-05-20 23:58:00,"It Sounds Suspicious, But I Can Guess Your Exact Age Based On What You Ate In The Last 24 Hours", , ,https://www.buzzfeed.com/sarahaspler/all-day-food-quiz
Fail,2022-05-21 02:27:00,Promise Me You Won't Freak Out When We Guess Your Zodiac Element Based On The Sandwich You Make, , ,https://www.buzzfeed.com/fancyskull48/order-sandwich-guess-zodiac-sign-quiz
Raw Feed,2022-05-21 07:01:00,36 Pairs Of Shoes Reviewers Say Are Actually So Comfortable, , ,https://www.buzzfeed.com/abbykass/comfortable-shoes
Raw Feed,2022-05-21 09:01:00,23 Practical Things To Buy For Your Yard, , ,https://www.buzzfeed.com/malloryannp/practical-yard-products
Raw Feed,2022-05-21 12:01:00,18 Surreal Places In Latin American Countries You Need To Visit Before You Die, , ,https://www.buzzfeed.com/lizmrichardson/surreal-places-to-visit-in-latin-american-countries
Raw Feed,2022-05-21 14:01:00,We're Not Quite Sure Why You Don't Own These 32 Genius Parenting Products Yet, , ,https://www.buzzfeed.com/chandnireddy1/why-dont-you-own-these-genius-parenting-products
Quiz,2022-05-21 17:13:00,Go On A Road Trip And We'll Guess What You'll Be In The Verrrrry Near Future, , ,https://www.buzzfeed.com/pepevsshweryi2020/road-trip-can-we-guess-quiz
WTF,2022-05-21 22:25:00,People Are Questioning Whether Cara Delevingne Should Be Invited To Events After Her Bizarre Appearance At The Billboard Music Awards, , ,https://www.buzzfeed.com/mjs538/cara-delevingne-bbma
WTF,2022-05-21 22:25:00,"These 30 Things From Kim Kardashian's House Are Super Weird To Some, So I'm Curious What You Think Of Them", , ,https://www.buzzfeed.com/mjs538/kim-house-polls
Fail,2022-05-21 22:25:00,"Harry Styles Is Considered A Style Icon, But I'm Curious If You Think These Outfits Hit Or Missed", , ,https://www.buzzfeed.com/mjs538/harry-styles-looks
Raw Feed,2022-05-21 23:01:00,27 Things People Who Work From Home Have Called “Must-Haves”, , ,https://www.buzzfeed.com/jenae_sitzes/work-from-home-must-haves
Fail,2022-05-21 23:25:00,People Are Divided On Whether Or Not These 31 Actors Would've Still Been Famous Without Their Hit Franchise Roles, , ,https://www.buzzfeed.com/sarathompson1/celebrities-famous-movie-franchises
Fail,2022-05-22 03:27:00,"There Are 677 Words In ""We Don't Talk About Bruno"" — Are You Sure You Know Them All?", , ,https://www.buzzfeed.com/tessafahey/we-dont-talk-about-bruno-lyric-quiz
Quiz,2022-05-23 03:16:00,Do You Actually Prefer Sleep Or Food?, , ,https://www.buzzfeed.com/joannaborns/sleep-or-food-quiz
Fail,2022-05-23 05:27:00,Don't Freak Out When We Guess Your Zodiac Sign Based On The Wedding You Plan, , ,https://www.buzzfeed.com/lydiawozniak23/plan-wedding-guess-zodiac-sign-quiz
Fail,2022-05-23 15:08:00,"Choose A Famous Person From Each Zodiac Sign And I'll Guess Your Birth Year, No Problem", , ,https://www.buzzfeed.com/lady_emerald/pick-celebrities-guess-zodiac-sign-quiz
OMG,2022-05-23 15:27:00,Eat Your Way Through The Day To Reveal Which Group Halloween Costume You And Your Friends Should Be, , ,https://www.buzzfeed.com/kmleff/choose-between-your-favorite-foods-and-we-will-tel-2j61yl8gra
Quiz,2022-05-23 15:43:00,"If You Whip Up The Ultimate Ice Cream Sundae To Chow Down On, Then We Can Decide Which Disney Princess You Are", , ,https://www.buzzfeed.com/bear183/create-an-ice-sundae-to-reveal-which-disney-princess-you-are
Quiz,2022-05-23 16:43:00,Custom Create Your Dream Kitchen To Reveal What Bold Flavor You Are, , ,https://www.buzzfeed.com/zaras5461/kitchen-design-flavors-quiz
Quiz,2022-05-23 16:51:00,"This General Knowledge Quiz Has Been Described As ""Extremely Difficult"" — Can YOU Pass It?", , ,https://www.buzzfeed.com/aditson/difficult-general-trivia-quiz
Quiz,2022-05-23 18:21:00,"It's Never Too Late To Find Out Which ""Matilda"" Character You Are", , ,https://www.buzzfeed.com/mal_hello/matilda-main-character-personality-quiz
Quiz,2022-05-23 18:53:00,"Most Of These Movies Are A Bit On The Olddddd Side, But How Many Have You Seen?", , ,https://www.buzzfeed.com/224sins/old-movies-checklist
Quiz,2022-05-23 19:25:00,Pick One Dish Per Category And We'll Tell You What Dessert You Are In Your Soul, , ,https://www.buzzfeed.com/dlhenry/eat-food-what-dessert-are-you-quiz
Quiz,2022-05-23 19:47:00,There's One Celeb You're Destined To Be Friends With — Here's Who It Is, , ,https://www.buzzfeed.com/nothstin164/celebrity-best-friend-quiz
Quiz,2022-05-23 20:25:00,"For ""Scientific Reasons,"" I Wanna Know How You Reheat These Leftovers", , ,https://www.buzzfeed.com/gilliah/reheat-leftovers-poll
Quiz,2022-05-23 20:36:00,These Are Some Of The Most Unofficially Hated Movies — How Many Have You Seen?, , ,https://www.buzzfeed.com/carlacheska5/hated-movies-checklist
Quiz,2022-05-23 20:40:00,Tell Us What You Eat In A Day And We'll Reveal Your Most Toxic Trait, , ,https://www.buzzfeed.com/jane_m/eat-meals-reveal-worst-quality-quiz
Quiz,2022-05-23 20:46:00,Only 14% Of The Population Know Whether These Foods Are Vegetarian Or Not — Let's See If You Do, , ,https://www.buzzfeed.com/quorn_nuggets/vegetarian-food-trivia-quiz
Fail,2022-05-23 21:19:00,"We Used AI To Show What ""Twilight"" Characters Would Look Like In Real Life Based On The Books, And Emmett Looks Incredibly Huggable", , ,https://www.buzzfeed.com/tessafahey/twilight-ai-book-characters
Quiz,2022-05-23 21:42:00,"I Gathered The Most Random Trivia Questions For This (Almost) Impassable Quiz, So Good Luck", , ,https://www.buzzfeed.com/lady_emerald/general-knowledge-trivia-quiz
Quiz,2022-05-23 22:06:00,Wanna Know Which Disney Princess Is Most Like You? Just Eat A TON Of Food To Find Out, , ,https://www.buzzfeed.com/samsonracin06/disney-princess-rainbow-food-quiz
Raw Feed,2022-05-23 22:16:00,"Troublemakers Are Revealing The Rules That Were Put In Place Because Of Them, And It's Proof That Haters Never Take A Day Off", , ,https://www.buzzfeed.com/pernellquilon/troublemakers-reveal-the-rules-they-caused
Quiz,2022-05-24 00:04:00,Do You Follow These Suuuuper Famous People On Instagram Too?, , ,https://www.buzzfeed.com/jestey/do-you-follow-the-same-celebrities-on-instagram
Quiz,2022-05-24 12:23:00,I Know What Career You're Destined For Based On The Random TV Shows You Choose, , ,https://www.buzzfeed.com/lady_emerald/i-know-what-career-youre-destined-for-based-on-the-random
Quiz,2022-05-24 14:51:00,Spend The Day Doing Nothing But Eating And We'll Accurately Guess Your Zodiac Element, , ,https://www.buzzfeed.com/justdoit7/zodiac-element-food-quiz
Quiz,2022-05-24 15:07:00,Make A List Of Your Favorite Baby Names And We'll Accurately Guess How Many Siblings You Have, , ,https://www.buzzfeed.com/lady_emerald/baby-names-guess-number-of-siblings-quiz
Quiz,2022-05-24 16:30:00,Pick One Food Per Category And We'll Accurately Guess If You're An Optimist Or A Pessimist, , ,https://www.buzzfeed.com/josephdennismartin27/eat-food-guess-if-optimist-or-pessimist-quiz
Quiz,2022-05-24 16:33:00,"Which ""Friends"" Character Are You Based On The Food Pics You Drool Over?", , ,https://www.buzzfeed.com/lollipoplauren1111/friends-food-quiz
Fail,2022-05-24 17:27:00,Go Shopping At The Mall For A New Outfit And I'll Tooootallyyyy Guess Your Zodiac Sign, , ,https://www.buzzfeed.com/emsilem/clothes-zodiac-shopping-quiz
Quiz,2022-05-24 17:50:00,This Food Quiz Will Actually Reveal If You've Already Met Your Soulmate, , ,https://www.buzzfeed.com/fancyskull48/have-you-met-your-soulmate-food-quiz
Quiz,2022-05-24 18:43:00,"If You're Over 15 Years Old, You'll Probably Fail This Pop Culture Quiz", , ,https://www.buzzfeed.com/charlie5678/gen-z-trivia-quiz
Quiz,2022-05-24 18:51:00,"Excuse Me, But The Only One Who Can Pass This Quick HTGAWM Exam Is Professor Keating", , ,https://www.buzzfeed.com/berenakkaya4/how-to-get-away-with-murder-trivia
Quiz,2022-05-24 18:59:00,Plan A Vacation Down To The Last Detail To Discover Your True Love's Zodiac Sign, , ,https://www.buzzfeed.com/danicagordonn/plan-vacation-reveal-soulmate-zodiac-sign-quiz
Quiz,2022-05-24 19:52:00,"Only A True ""Friends"" Fan Can Guess The Character From An Emoji Clue", , ,https://www.buzzfeed.com/goosinator/friends-character-emoji-quiz
Quiz,2022-05-24 19:54:00,"No Cheating, You HAVE To Choose One Weird Food Combo Or The Other", , ,https://www.buzzfeed.com/mal_hello/weird-food-combination-poll
Quiz,2022-05-24 20:28:00,"You Can Only Save One Food Per Letter, So Choose Veryyyy Wisely", , ,https://www.buzzfeed.com/gaygurls/alphabetical-food-quiz
Quiz,2022-05-24 20:34:00,I Genuinely Want To Know Which Of These Iconic TV Siblings You Prefer, , ,https://www.buzzfeed.com/c0rpsebride/which-tv-sibling-do-you-prefer
Quiz,2022-05-24 20:36:00,What Dessert Perfectly Matches Your Energy?, , ,https://www.buzzfeed.com/aualva11/what-dessert-are-you-quiz
Quiz,2022-05-24 20:48:00,"We Bet You're Dying To Know Which Role You Play In Your Friend Group, So Answer These Questions And We'll Reveal It", , ,https://www.buzzfeed.com/cupidivy/which-role-do-you-play-in-your-friend-group
Quiz,2022-05-24 21:15:00,Which Gelato Flavor Are You?, , ,https://www.buzzfeed.com/iraglass/what-flavor-gelato-are-you
Quiz,2022-05-24 21:18:00,Here Are The Most Hated And Loved Characters — What Do You Think Of Them?, , ,https://www.buzzfeed.com/carlacheska5/here-are-the-most-hated-and-loved-characters-what-do-you
Quiz,2022-05-24 21:25:00,Grab Some Treats At This Dessert Buffet To Find Out Which Early 2000s Pop Girlie You're Most Like, , ,https://www.buzzfeed.com/brookespieler1/pick-desserts-which-2000s-pop-girl-are-you-quiz
Quiz,2022-05-25 13:56:00,"If These Marvel Characters Were Up Against Wanda Maximoff In A Fight, Do You Think They'd Win?", , ,https://www.buzzfeed.com/scottsummerssimp/could-these-mcu-characters-beat-wanda-maximoff-in-a-fight
Quiz,2022-05-25 13:58:00,Fill Out A Quick Job Application To Reveal The Position You'll Hold At The Krusty Krab, , ,https://www.buzzfeed.com/turtleo/what-would-be-your-job-at-the-krusty-krab
Quiz,2022-05-25 15:08:00,"If You Were An Obscure ""Shrek"" Character, Who Would You Be?", , ,https://www.buzzfeed.com/annathereader13/obscure-shrek-character-personality-quiz
Quiz,2022-05-25 15:57:00,Can I Guess Your Current Emotion?, , ,https://www.buzzfeed.com/madickenfel/can-we-guess-your-emotion-quiz
Quiz,2022-05-25 16:01:00,Describe Yourself In 10 Words And We'll Tell You What Character You'd Be In A Movie, , ,https://www.buzzfeed.com/eliachuaqui/what-movie-character-are-you-word-quiz
Quiz,2022-05-25 17:23:00,"Pick 7 Of Your Favorite Things And We'll Guess Your Favorite Season, Simple As That", , ,https://www.buzzfeed.com/2diamondshovelsx/can-we-guess-your-favorite-season-quiz
WTF,2022-05-25 18:09:00,"Former Abercrombie & Fitch Employees Revealed Secrets And Stories From Working There, And WHEW, Are They Toxic", , ,https://www.buzzfeed.com/sydrobinson1/abercrombie-and-fitch-employee-secrets-stories-1
Quiz,2022-05-25 18:11:00,Let's See How Your Choices Stack Up In This A-Z Celeb Name Popularity Contest, , ,https://www.buzzfeed.com/hisoka_killuax/same-initial-celebrity-poll
Quiz,2022-05-25 18:29:00,"Let's See If Your Opinion On These Unpopular ""Harry Potter"" Characters Is Similar To Others", , ,https://www.buzzfeed.com/hufflepuffkind/unpopular-harry-potter-characters-poll
Quiz,2022-05-25 18:50:00,Chow Down On This Huuuuuuge 10-Course Meal And I'll Guess The Zodiac Sign Of Your Taste Buds, , ,https://www.buzzfeed.com/satheesandevika29/zodiac-element-food-quiz
Quiz,2022-05-25 18:50:00,Design Your Dream Home With A $1.7 Million Budget And We'll Reveal How Many Kids You'll Have, , ,https://www.buzzfeed.com/xxemilywhitexx5/home-design-number-of-kids-quiz
Quiz,2022-05-25 19:38:00,Which Food Should You Snack On Based On These Wacky Questions?, , ,https://www.buzzfeed.com/spegettipastas/wacky-questions-food-quiz
Raw Feed,2022-05-25 19:46:00,Jason Momoa Is Quite Possibly My Favorite Man On The Entire Planet — Here's Why, , ,https://www.buzzfeed.com/morgansloss1/jason-momoa-appreciation-post
Quiz,2022-05-25 20:41:00,"Eat Your Way Around The World To Find Out Which ""Stranger Things"" Character You're Most Like", , ,https://www.buzzfeed.com/etorres0694/stranger-things-character-food-quiz
Quiz,2022-05-25 20:52:00,"Which ""Moon Knight"" Character Best Matches Your Unique Vibe?", , ,https://www.buzzfeed.com/violetmontgomery44/which-moon-knight-character-are-you
Quiz,2022-05-25 20:53:00,"Eat A Massive Amount Of Food For Breakfast, Lunch, And Dinner To Reveal The Cartoon Friend Group You Should Hang With", , ,https://www.buzzfeed.com/ded423/eat-food-to-get-a-cartoon-group-of-friends
Quiz,2022-05-25 20:55:00,Only Someone With Elite Taste In Media Has Seen 35/35 Of My Favorite TV Shows And Movies, , ,https://www.buzzfeed.com/trinityjd123/favorite-tv-show-and-movies-checklist
Quiz,2022-05-25 21:10:00,"Design A Comfy, Cozy Home To Get The Perfect ""Friends"" Character As A Roommate", , ,https://www.buzzfeed.com/nas33rah/design-a-home-to-reveal-the-friends-character-you-should
Quiz,2022-05-25 21:25:00,Go On This Fake Interview And I'll Reveal If You’re Qualified To Be An Avenger, , ,https://www.buzzfeed.com/justdoit7/qualified-marvel-quiz
Quiz,2022-05-25 21:51:00,Would You Actually Wear These Famous Disney Princess Outfits?, , ,https://www.buzzfeed.com/koko_jones/disney-princess-outfits-poll
Quiz,2022-05-25 21:59:00,Make A Playlist Of Jams From The '80s And We'll Try To Guess Which Fast Food Restaurant Is Your Favorite, , ,https://www.buzzfeed.com/megean/make-a-80s-song-playlist-and-well-guess-your-favorite-fast
Raw Feed,2022-05-25 22:19:00,64 Of The Best Father’s Day Gifts To Give In 2022, , ,https://www.buzzfeed.com/jenae_sitzes/best-fathers-day-gifts-2022
Raw Feed,2022-05-26 13:16:00,"People Are Sharing “Scams” That Are So Normalized But You Don’t Even Know It, And This Changes Everything", , ,https://www.buzzfeed.com/sydrobinson1/normalized-scams
Quiz,2022-05-26 14:50:00,"Are You A Snail, A Worm, Or A Slug?", , ,https://www.buzzfeed.com/melinalementec/snail-worm-or-slug-quiz
Quiz,2022-05-26 15:15:00,What Donut Are You Deep Down Inside?, , ,https://www.buzzfeed.com/wandaslobsterdoorknocker/what-donut-are-you-quiz
Quiz,2022-05-26 15:37:00,Which Natural Wonder Of The World Should You Visit?, , ,https://www.buzzfeed.com/maya_12_24/natural-world-wonder-quiz
Quiz,2022-05-26 15:59:00,"Your ""Friends"" Preferences Will Reveal Which Color Matches Your Soul", , ,https://www.buzzfeed.com/froysdavis/friends-color-aura-quiz
Quiz,2022-05-26 16:25:00,"Your Saturday Plans Will Reveal If You're A Cat Person, Dog Person, Or Just Low-Key Lazy", , ,https://www.buzzfeed.com/galaxy_girl_666/dog-cat-personality-quiz
Quiz,2022-05-26 16:26:00,"If You Were A Geologic Era, Which One Would You Be?", , ,https://www.buzzfeed.com/slicktowel/geologic-era-quiz
Quiz,2022-05-26 16:53:00,Tell Me What You Eat In A Day And I'll Accurately Guess Your Age, , ,https://www.buzzfeed.com/tylerfang747/eat-meals-guess-your-age-quiz
Quiz,2022-05-26 17:22:00,"Hmmm, Can I Guess If You Prefer Bright Colors Or Neutral Colors?", , ,https://www.buzzfeed.com/samsonracin06/bright-neutral-colors-quiz
Quiz,2022-05-26 18:28:00,"Doubt Us Alllllll You Want, But We Can Guess Your Zodiac Element Based On Your Coffee Order", , ,https://www.buzzfeed.com/norabjerg1/order-coffee-guess-zodiac-sign-quiz
Quiz,2022-05-26 18:29:00,Go Grocery Shopping To Reveal Which Movie Heroine You Are, , ,https://www.buzzfeed.com/eliachuaqui/grocery-shopping-movie-heroine-quiz
Raw Feed,2022-05-26 18:45:00,"If You Work In Healthcare, We Want To Hear The Misconceptions About Your Job", , ,https://www.buzzfeed.com/hannahdobro/healthcare-workers-tell-us-job-myths
Quiz,2022-05-26 18:55:00,We Know What Style Aesthetic You Have Based On The Drink You Create, , ,https://www.buzzfeed.com/wutsthebuzzbro/drink-style-aesthetic-quiz
Quiz,2022-05-26 19:32:00,Pretend To Be A Princess For A Day And I'll Accurately Guess Your Age, , ,https://www.buzzfeed.com/fancyskull48/be-princess-guess-age-quiz
Quiz,2022-05-26 20:04:00,Spend A Few Hours Designing The Bedroom Of Your Dreams To Reveal Your Celebrity Best Friend, , ,https://www.buzzfeed.com/butterfly122/design-a-bedroom-to-get-a-celebrity-best-friend
Quiz,2022-05-26 20:16:00,The Way You React To These 20 Challenging Scenarios Will Reveal Your Best And Worst Traits, , ,https://www.buzzfeed.com/kristenharris1/your-best-worst-trait-quiz
Quiz,2022-05-26 20:50:00,Eat Nothin' But Snacks And We'll Give You A Summer Road Trip Destination, , ,https://www.buzzfeed.com/eliachuaqui/pack-snacks-get-road-trip-destination-quiz
Quiz,2022-05-26 20:57:00,"This May Be Harsh, But I Swear I'll Never Talk To You Again If You Haven't Seen At Least 5/10 Of My Favorite Movies", , ,https://www.buzzfeed.com/sienakhym/all-time-favorite-movies-checklist
Quiz,2022-05-26 21:37:00,"This May Sound Wild, But We Can Determine Which Taylor Swift Track Five Song You Are Based On Your Answers To These Questions", , ,https://www.buzzfeed.com/fallon3720/which-taylor-swift-track-5-song-are-you
Quiz,2022-05-26 21:38:00,13 Romantic Movies You Can Watch While Snuggled Up With Your Partner, , ,https://www.buzzfeed.com/yasmina1202/best-romantic-movies-for-a-cozy-night-in
Quiz,2022-05-26 22:05:00,Eat Only Appetizers And Desserts To Find Out Which Teen Show You Belong In, , ,https://www.buzzfeed.com/brookespieler1/appetizer-dessert-teen-drama-show-quiz
Fail,2022-05-27 00:25:00,"People Are Sharing Blatant Examples Of Boomer Home Decor, And It's Definitely A Little Shady", , ,https://www.buzzfeed.com/ryanschocket2/people-share-boomer-home-decor-examples-1
LOL,2022-05-27 04:27:00,Can You Identify 55/60 Harry Potter Characters?, , ,https://www.buzzfeed.com/tessafahey/id-harry-potter-characters
Quiz,2022-05-27 13:16:00,"If You Can't Identify At Least 25 Of These PBS Characters, Ms. Frizzle Is Disappointed In You", , ,https://www.buzzfeed.com/hannahmarder/identify-these-pbs-characters
LOL,2022-05-27 14:25:00,41 People Who Couldn't Predict In A Million Years The Grave Mistakes They Were About To Make, , ,https://www.buzzfeed.com/ajanibazile/mistakes-people-made
Quiz,2022-05-27 14:46:00,"If You've Done 15 Of These ""Very American"" Things While Traveling, Then Everyone Knew You Were A Tourist", , ,https://www.buzzfeed.com/andyneuenschwander/things-american-tourists-do-quiz
Quiz,2022-05-27 14:59:00,Plan Your Wedding With A $850K Budget And We'll Tell You How Many Kids You're Gonna Have, , ,https://www.buzzfeed.com/29khdel01/plan-wedding-reveal-number-of-kids-quiz
Raw Feed,2022-05-27 15:33:00,"People Who Were Adopted By People From A Different Race Or Ethnicity, Tell Us What You Want Others To Know", , ,https://www.buzzfeed.com/ajanibazile/transracial-adoption-add-yours
Quiz,2022-05-27 15:38:00,Get Your Nails Done To Reveal If You're More Day Or Night, , ,https://www.buzzfeed.com/minea08/nail-salon-day-or-night-person-quiz
Quiz,2022-05-27 15:56:00,Want Me To Guess Your Exact Age? Answer These 8 Suuuuper Specific Questions To Find Out, , ,https://www.buzzfeed.com/adorae/age-quiz
Quiz,2022-05-27 16:34:00,"We're Asking You To Choose The Best Song From Each Of These Popular Albums And Yeah, It's Pretty Hard", , ,https://www.buzzfeed.com/thatskat/best-song-per-album-poll
Quiz,2022-05-27 17:17:00,"Sorry To Call You Out, Bestie, But It's Time You Know The Truth Of What Your Friends Really Think Of You", , ,https://www.buzzfeed.com/elyseogorman/what-do-your-friends-really-think-of-you
Quiz,2022-05-27 17:17:00,We Know Which Plant You Should Put In Your Room Based On The House You Build On A Budget Of $2 Million, , ,https://www.buzzfeed.com/isabellee1/create-your-dream-house-to-get-a-plant-to-put-in-it
Raw Feed,2022-05-27 17:18:00,Here Are 7 Fictional Sidekicks Who Absolutely Ate Their Main Characters Up With Their Performances, , ,https://www.buzzfeed.com/chloec434376cda/fictional-tv-sidekicks-i-want-in-my-friend-group
Quiz,2022-05-27 17:31:00,Pick A Specific Dish To Eat For Each Holiday And We'll Give You A Superhero-Inspired Vacation To Go On, , ,https://www.buzzfeed.com/ladym12/your-food-choices-will-reveal-your-superhero-inspired
Quiz,2022-05-27 17:32:00,"Everyone Has One Summer Food That Matches Their Energy, So Pick Out A Movie Date Outfit To Reveal Yours", , ,https://www.buzzfeed.com/laneytruee/create-an-outfit-to-reveal-the-summer-food-you-are
Quiz,2022-05-27 17:36:00,"Here Are 13 Movies That Are Without Fail, Total Bangers — Have You Seen 'Em All?", , ,https://www.buzzfeed.com/wiii/favorite-movies-poll
Quiz,2022-05-27 17:37:00,Design A No-Budget Dream House And I'll Guess Exactly How Old You Are, , ,https://www.buzzfeed.com/nonski41/house-guess-age-quiz
Quiz,2022-05-27 17:41:00,Want Me To Guess Your Zodiac Sign? Let Your Taste Buds Pick Your Foods To Find Out, , ,https://www.buzzfeed.com/kathleenmiller13/guess-zodiac-food-quiz
Quiz,2022-05-27 17:42:00,We Might Literally Be Twins If You Love 60/60 Of These TV Shows And Movies, , ,https://www.buzzfeed.com/kaylaismypassword/shows-movies-checklist-quiz
Quiz,2022-05-27 18:49:00,It's Finally Time To Decide If These Disney Men Are Hot Or Not, , ,https://www.buzzfeed.com/koko_jones/disney-men-hot-or-not-poll
Raw Feed,2022-05-27 21:01:00,20 Things From Amazon That Make Great Father's Day Gifts, , ,https://www.buzzfeed.com/isabellasarlija/things-from-amazon-that-make-great-fathers-day-gifts
Quiz,2022-05-28 01:16:00,You Have To Choose Between Coffee And Alcohol, , ,https://www.buzzfeed.com/joannaborns/coffee-vs-alcohol-quiz
Fail,2022-05-28 05:25:00,Pick A Famous Person For Each Letter Of The Alphabet And We'll Guess Your Exact Age, , ,https://www.buzzfeed.com/sarahaspler/a-to-z-celebrity-quiz
Quiz,2022-05-28 11:16:00,12 Very Awkward (But Too Real) Situations That I Want To Know How You Would Handle, , ,https://www.buzzfeed.com/briangalindo/uncomfortable-situations-what-would-you-do-poll
Quiz,2022-05-28 12:01:00,Tell Us Whether Or Not You Like These Spanish-Speaking Artists And We'll Guess Your Age, , ,https://www.buzzfeed.com/angelicaamartinez/spanish-language-music-quiz-age
Raw Feed,2022-05-28 12:31:00,34 TikTok-Famous Products That Make Perfect Father’s Day Gifts, , ,https://www.buzzfeed.com/imstephaniehope/tiktok-fathers-day-gifts
Quiz,2022-05-28 16:16:00,I'm Convinced Everyone On Earth Will Be Able To Identify All 43 Of These Recognizable Celebs, , ,https://www.buzzfeed.com/tayloraowens/celebrity-identification-quiz
Quiz,2022-05-28 17:15:00,Pack Your Bags! This Is The US City You Should Live In Based On Your Lifestyle, , ,https://www.buzzfeed.com/kaileyhansen/which-us-city-should-you-live-in
Quiz,2022-05-28 19:11:00,Can You Recognize 40/45 Of These Vegetables?, , ,https://www.buzzfeed.com/audreyworboys/vegetable-id-quiz
Quiz,2022-05-28 21:16:00,Are You The Ultimate Breakfast Fan?, , ,https://www.buzzfeed.com/joannaborns/love-breakfast-quiz
Quiz,2022-05-28 22:16:00,"Can You Spend $1,000,000 On A Wedding?", , ,https://www.buzzfeed.com/ramansidhu/can-you-spend-1000000-on-a-wedding
Quiz,2022-05-29 13:16:00,Can You Name Where In The World These 25 Disney Movies Are Set?, , ,https://www.buzzfeed.com/audreyworboys/disney-geography-quiz
Raw Feed,2022-05-29 13:31:00,43 Father's Day Gifts That Are Actually Super Practical, , ,https://www.buzzfeed.com/bross/fathers-day-gifts-that-are-super-practical
Quiz,2022-05-29 15:16:00,I'm Genuinely Curious If You Like These '90s Trends Or Not, , ,https://www.buzzfeed.com/joannaborns/90s-trends-checklist-quiz
Quiz,2022-05-29 15:31:00,"If You're Brilliant, You'll Get At Least 30/50 On This General Knowledge Quiz", , ,https://www.buzzfeed.com/audreyworboys/general-trivia-50-question-quiz
Quiz,2022-05-29 18:16:00,Only True MCU Fans Can Ace This Quiz With 80% Or Better, , ,https://www.buzzfeed.com/michelelbird/name-these-mcu-characters
Quiz,2022-05-29 18:31:00,"Can You Identify 35/45 ""Friends"" Characters?", , ,https://www.buzzfeed.com/sarahaspler/id-friends-characters
Quiz,2022-05-29 19:16:00,People Are Divided On Whether These 29 Actors Are Actually Talented Or Are Just Former Disney Stars, , ,https://www.buzzfeed.com/angelicaamartinez/disney-celebrity-talented-poll
Quiz,2022-05-29 19:46:00,"You Must Delete One Movie Forever From Each Of These 25 Iconic Actors Filmographies, And Y’all, It’s Nearly Impossible", , ,https://www.buzzfeed.com/alliehayes/delete-one-movie-per-actor-poll-quiz
Quiz,2022-05-29 22:16:00,I Am Genuinely Curious Where You Stand On These 55 Extremely Divisive Questions, , ,https://www.buzzfeed.com/briangalindo/divisive-questions-polls
Quiz,2022-05-29 23:46:00,What Do You Think Of These Age-Gap Relationships From '90s Movies?, , ,https://www.buzzfeed.com/jessg/90s-movies-age-gap-relationships
Raw Feed,2022-05-30 06:01:00,43 Gifts Dad Will Actually Be Excited To Open On Father's Day, , ,https://www.buzzfeed.com/alifacc/fathers-day-gifts-excited-to-open
Raw Feed,2022-05-30 08:01:00,25 Mary Jane Shoes For An Upgraded Version Of The Ones You Wore As A Kid, , ,https://www.buzzfeed.com/brittany_gibson/mary-jane-shoes
Fail,2022-05-30 08:27:00,"Believe It Or Not, I Can Guess Your Age Based On The Songs You Pick", , ,https://www.buzzfeed.com/turtleo/pick-songs-guess-age-quiz
Raw Feed,2022-05-30 09:16:00,"The Internet Is Loving ""Air-Fried Bagels"" These Days, So To Understand The Hype, I Tried It Myself — To Be Honest, It Genuinely Surprised Me", , ,https://www.buzzfeed.com/shelbyheinrich/tiktok-air-fryer-recipe
Raw Feed,2022-05-30 11:01:00,30 Products That'll Make Day-To-Day Home Tasks Much More Efficient, , ,https://www.buzzfeed.com/danicreahan/products-to-make-daily-life-at-home-much-more-efficient-1
Raw Feed,2022-05-30 12:01:00,24 K-Beauty Products That Are Ridiculously Good At What They Do, , ,https://www.buzzfeed.com/ryleejohnston/k-beauty-products-that-will-be-the-mvp-of-your-skincare
Raw Feed,2022-05-30 13:01:00,"""I'll Never Spend Hours Scrubbing Again"": 27 Cleaning Products That Are As Low Maintenance As It Gets", , ,https://www.buzzfeed.com/jonathanmazzei/low-maintenance-cleaning-products
Raw Feed,2022-05-30 13:16:00,I Got A Popular Skincare Laser Treatment And It Went Badly — The Stories You DON'T Hear But Sadly Do Happen, , ,https://www.buzzfeed.com/kristatorres/laser-treatment-rosacea-hyperpigmentation
Raw Feed,2022-05-30 13:46:00,"These 27 Employees Threw In The Hat Halfway Through Getting Their Job Done, And It Shows", , ,https://www.buzzfeed.com/daniellaemanuel/people-no-idea-do-their-jobs
Raw Feed,2022-05-30 14:01:00,31 Things That Will Make Eating Dinner An Even More Excellent Experience, , ,https://www.buzzfeed.com/isabellasarlija/things-that-will-make-eating-dinner-an-even-more
Raw Feed,2022-05-30 14:04:00,"Kim Kardashian Revealed She Re-Wore A 2011 Dress To Kourtney Kardashian And Travis Barker’s Wedding After Facing Backlash For Flaunting Her Warehouse Filled With 30,000 Old Pieces Of Clothing", , ,https://www.buzzfeednews.com/article/leylamohammed/kim-kardashian-re-wore-dress-kourtney-travis-wedding
Raw Feed,2022-05-30 14:46:00,15 Actors Who Played More Than One Role In The Same Film Or Show, , ,https://www.buzzfeed.com/lashauntamoore/actors-who-played-multiple-roles
Raw Feed,2022-05-30 15:01:00,31 Wedge Sandals You'll Be *Running* To Pull Out Of Seasonal Storage Every Year, , ,https://www.buzzfeed.com/brittany_gibson/wedge-sandals
Quiz,2022-05-30 15:01:00,"If You're A Binge-Watcher, I'm Curious To See How Many Of These Prime Video Shows You Can Name By Just One Picture", , ,https://www.buzzfeed.com/tori_honore/amazon-original-shows-picture-quiz
Raw Feed,2022-05-30 15:16:00,"The First ""Avengers"" Movie Premiered 10 Years Ago, So Here's What The Cast Is Up To Today", , ,https://www.buzzfeed.com/evelinamedina/avengers-cast-where-are-they-now
Raw Feed,2022-05-30 15:24:00,A Climate Activist Smeared Cake On The Mona Lisa, , ,https://www.buzzfeednews.com/article/adeonibada/climate-activist-smear-cake-mona-lisa
Raw Feed,2022-05-30 15:46:00,"""I Feel Like It's Never Going To End"": People Are Talking About How They're Dealing With Prices Going Up Everywhere In Their Everyday Lives", , ,https://www.buzzfeed.com/meganeliscomb/inflation-budget-changes
Raw Feed,2022-05-30 16:01:00,25 Pieces Of Furniture From Target That Look Surprisingly Unique, , ,https://www.buzzfeed.com/mariasabella/unique-furniture-target
Quiz,2022-05-30 16:16:00,Only The Most Die-Hard Theatre Kids Can Identify 75% Of These Broadway Actors, , ,https://www.buzzfeed.com/hannahdobro/broadway-actors-trivia-quiz
Raw Feed,2022-05-30 17:01:00,31 Home Items From Walmart That Are Totally Instagram-Worthy, , ,https://www.buzzfeed.com/cierracowan/home-items-from-walmart-that-are-totally-instagram-worthy
Raw Feed,2022-05-30 18:01:00,48 Cool Products That People Say They Discovered On TikTok, , ,https://www.buzzfeed.com/abbykass/genius-tiktok-products
Raw Feed,2022-05-30 18:04:00,24 Times Interviewers Got Way Too Personal When Interviewing Celebs, , ,https://www.buzzfeed.com/imaraoshibanjo1/inappropriate-celeb-interview-questions
Raw Feed,2022-05-30 18:16:00,"If You're A Parent Who Came Out Of The Closet After Having Kids, Please Tell Us Your Story", , ,https://www.buzzfeed.com/briangalindo/ay-parents-who-came-out-after-having-kids
Raw Feed,2022-05-30 19:01:00,30 Things From Walmart That’ll Help Improve Just About Anyone’s Cooking Process, , ,https://www.buzzfeed.com/rebekahshoemake/things-from-walmart-thatll-help-improve-just-about
Raw Feed,2022-05-30 19:16:00,You Won't Believe How These 20 Everyday People Ended Up In Situations Where They Needed To Save Another's Life, , ,https://www.buzzfeed.com/angelaandaloro/regular-people-who-stepped-up-and-saved-another-persons
Raw Feed,2022-05-30 19:31:00,More Than 130 People Were Shot And Killed Nationwide This Weekend, , ,https://www.buzzfeednews.com/article/davidmack/memorial-day-weekend-shootings-and-gun-violence-soar
Raw Feed,2022-05-30 19:46:00,24 Blockbuster Movies That Flopped (and Where To Watch Them), , ,https://www.buzzfeed.com/kenwhanley/modern-studio-movies-that-crashed-and-burned
Raw Feed,2022-05-30 20:01:00,Just 23 Phenomenal Finds For Anyone With A Tiny Kitchen, , ,https://www.buzzfeed.com/harperhendrickson/phenomenal-finds-for-anyone-with-a-tiny-kitchen
Raw Feed,2022-05-30 20:16:00,"Marvel Aged Down America Chavez So Xóchitl Gómez Could Play Her, And 20 Other Times The Stars Aligned To Make A Celeb's Marvel Dreams A Reality", , ,https://www.buzzfeed.com/kristenharris1/mcu-manifestation-actors-directors
Raw Feed,2022-05-30 21:01:00,12 Of My Favorite Pens From Japanese Companies That Are Totally Dependable, , ,https://www.buzzfeed.com/tasiabass/japanese-pens-reviews
Raw Feed,2022-05-30 21:16:00,"24 Food Service Workers Got Brutally Honest About The Difficulty Of Their Industry, And It's A Perspective You Don't Hear Enough", , ,https://www.buzzfeed.com/hannahdobro/food-service-workers-tell-all
Raw Feed,2022-05-30 21:46:00,"I Bought The Eight-In-One ""Always Pan"" Six Months Ago — Here's How It's Actually Held Up Over Time (And What I Wish I Could Change About It)", , ,https://www.buzzfeed.com/farrahpenn/always-pan-cookware-review
Raw Feed,2022-05-30 22:01:00,25 Things From Target That Are Useful For Any Dog Owner, , ,https://www.buzzfeed.com/racheldube/useful-dog-products-target
Raw Feed,2022-05-30 22:16:00,"10 Reasons ""Cobra Kai"" And ""Glee"" Are Kind Of The Exact Same Show", , ,https://www.buzzfeed.com/kaileyhansen/cobra-kai-is-like-glee-but-with-karate
Raw Feed,2022-05-30 23:01:00,26 Pieces Of Decor From Small Businesses That Your Home That Will Leave Your Home Looking Refreshed, , ,https://www.buzzfeed.com/ryleejohnston/Things For Your Home That'll Upgrade Your Decor Game — And Support Small Businesses
Raw Feed,2022-05-30 23:16:00,"Miranda Hillard From ""Mrs. Doubtfire,"" Azula From ""Avatar: The Last Airbender,"" And 19 More Characters People Hated As Kids But Understand As Adults", , ,https://www.buzzfeed.com/marycolussi/characters-people-hated-as-kids-and-love-as-adults-reddit
Raw Feed,2022-05-31 00:01:00,"50 Products With Before And Afters That'll Have You Clicking ""Add To Cart"" Immediately", , ,https://www.buzzfeed.com/chelseastuart/add-to-cart-incredible-before-and-afters
Quiz,2022-05-31 00:16:00,"I Highly Doubt You Can Get 20/20 On This ""Jeopardy"" Teen Tournament Quiz", , ,https://www.buzzfeed.com/sarahaspler/easy-teen-tournament-jeopardy-quiz
Raw Feed,2022-05-31 01:01:00,31 Of The Best Hand Soaps That'll Leave Your Skin ✨ Squeaky Clean ✨, , ,https://www.buzzfeed.com/brittany_gibson/hand-soap
Raw Feed,2022-05-31 01:16:00,"42 Men Who Should've Erased Their Message Drafts Instead Of Pressing ""Send""", , ,https://www.buzzfeed.com/ajanibazile/bad-messages-by-men
Raw Feed,2022-05-31 01:19:00,Several People Walked Out Of Kristen Stewart’s New Movie Premiere — Here’s How She Reacted, , ,https://www.buzzfeed.com/ryanschocket2/kristen-stewart-crimes-of-the-future-walkouts
Raw Feed,2022-05-31 01:22:00,"Megan Fox Revealed Why She Never Wears Her Hair Up, And I'm Shocked She's Ever Been Insecure In Her Life", , ,https://www.buzzfeed.com/ryanschocket2/megan-fox-insecure-head-shape
Raw Feed,2022-05-31 01:27:00,"""Bridgerton"" Star Ruby Barker Thanked Netflix And Shonda Rhimes For ""Saving"" Her After ""Struggling"" With Her Mental Health", , ,https://www.buzzfeed.com/morganmurrell/ruby-barker-mental-health-video-bridgerton
Raw Feed,2022-05-31 01:31:00,"Busy Philipps Opened Up About Her Split From Marc Silverstein After 14 Years Of Marriage, Explaining Why The Two Will Still Sometimes Live Together", , ,https://www.buzzfeed.com/natashajokic1/busy-philipps-marc-silverstein-split
Raw Feed,2022-05-31 01:36:00,Here's What Celebrities Wore To The 2022 amFAR Cannes Gala, , ,https://www.buzzfeed.com/morganmurrell/amfar-cannes-gala-fashion-outfits-2022
Raw Feed,2022-05-31 01:44:00,Camila Cabello Opened Up About Feeling Like She Had To Prove That She Was A Good Writer, , ,https://www.buzzfeed.com/morganmurrell/camila-cabello-crippling-anxiety-familia-album
Raw Feed,2022-05-31 02:01:00,15 Bags The BuzzFeed Shopping Team Owns And Swears By, , ,https://www.buzzfeed.com/tasiabass/stylish-bags-purses-we-own-love
Quiz,2022-05-31 02:16:00,"If You Can Guess Which Of These Movies Aren't Made By Disney, I'll Let You Use My Disney+ Subscription", , ,https://www.buzzfeed.com/hannahmarder/which-movies-are-actually-disney
Raw Feed,2022-05-31 02:48:00,"It's 2022 And Brands Are Still Only Stocking Up To A Size 14, And Things Need To Change", , ,https://www.buzzfeed.com/sohanjudge/shopping-plus-size-australia
Raw Feed,2022-05-31 03:01:00,"18 Anal Lubes You Should Absolutely Be Using, But Probably Aren't (Yet)", , ,https://www.buzzfeed.com/negestikaudo/anal-lube
Raw Feed,2022-05-31 03:04:00,"Here's How The ""Bob's Burgers"" Cast Answered These Burning Questions About The Show", , ,https://www.buzzfeed.com/haltherego/bobs-burgers-cast-burning-questions
Raw Feed,2022-05-31 04:01:00,Just 12 Stylish And Affordable Nightstands From Target, , ,https://www.buzzfeed.com/joaniewolkoff/nightstands-target
Raw Feed,2022-05-31 05:01:00,19 Of The Best Best Gym Bags For Carrying All That Sweaty Workout Gear In Style, , ,https://www.buzzfeed.com/allisonjiang/gym-bag
Raw Feed,2022-05-31 09:38:00,"The Cast Of ""Love Island"" 2022 Is Finally Here, And It Might Just Be The Hottest Lineup We've Had", , ,https://www.buzzfeed.com/hanifahrahman/love-island-2022
Raw Feed,2022-05-31 09:45:00,29 Asian-Owned Food And Drink Brands That Your Stomach Will Thank You For, , ,https://www.buzzfeed.com/jessicabui1/api-owned-food-and-drink-brands
Raw Feed,2022-05-31 10:01:00,"Simply Put, These 49 Products Will Make You Feel Like You've Got It Together", , ,https://www.buzzfeed.com/chelseastuart/got-it-together-products
Raw Feed,2022-05-31 10:05:00,38 Tweets That Prove Black Twitter Was The Best Part About May, , ,https://www.buzzfeed.com/adaenechi/black-tweets-may22
Raw Feed,2022-05-31 10:34:00,"True Crime Podcasts Are All The Rage, We Want To Know The Ones That Blew You Away", , ,https://www.buzzfeed.com/bendzialdowski/true-crime-podcast-share
Raw Feed,2022-05-31 11:01:00,27 Things Your Office May Not *Need* But Definitely *Wants*, , ,https://www.buzzfeed.com/bykitstone/things-your-office-may-not-need-but-definitely-wants
Raw Feed,2022-05-31 11:42:00,Nick Jonas Called For Gun Reform After Opening Up About Feeling “Intense” Fear As A Parent Following The Shooting In Uvalde, , ,https://www.buzzfeednews.com/article/leylamohammed/nick-jonas-fear-parent-uvalde-shooting-priyanka-chopra
Raw Feed,2022-05-31 12:46:00,"15 ""I Was Home Alone When This Very Creepy, Unexplainable Thing Happened"" Stories That Will Stick With You For A Long Time", , ,https://www.buzzfeed.com/christopherhudspeth/people-are-sharing-unexplained-haunting-things-that
Raw Feed,2022-05-31 13:01:00,34 Cleaning Products That’ll Make You Do A Happy Dance After You See How Well They Work, , ,https://www.buzzfeed.com/jasminnina/cleaning-product-results-thatll-make-you-do-a-happy-dance
Raw Feed,2022-05-31 13:16:00,"Pete Davidson's Best ""SNL"" Moments Remind Us How He's Wooed Your Personal Top 10 And Beyond", , ,https://www.buzzfeed.com/angelaandaloro/pete-davidons-snl-best-moments
Raw Feed,2022-05-31 13:46:00,"""It Really Adds Up If You Start Early"": People Are Sharing Important Things To Do Now So You Don't Regret It Later In Life", , ,https://www.buzzfeed.com/fabianabuontempo/common-things-people-regret
Raw Feed,2022-05-31 14:31:00,15 TV And Movie Best Friends Who Deserved Much Better Endings Than The Ones They Got, , ,https://www.buzzfeed.com/debanjanadas8/15-tv-and-movie-characters-who-deserved-better
Raw Feed,2022-05-31 14:37:00,"Jack Antonoff And Margaret Qualley Are Engaged, And Congratulations Are In Order", , ,https://www.buzzfeed.com/larryfitzmaurice/margaret-qualley-jack-antonoff-engaged
Raw Feed,2022-05-31 14:46:00,"25 Actors Who Hated Filming A Movie Or Show So Much, Some Of Them Literally Tried To Quit", , ,https://www.buzzfeed.com/hannahmarder/25-actors-who-hated-being-in-hit-shows-and-films-like-some
Quiz,2022-05-31 15:16:00,"Can You Identify 45/60 ""Twilight"" Characters?", , ,https://www.buzzfeed.com/tessafahey/identify-twilight-characters
Raw Feed,2022-05-31 15:46:00,"14 Actors Who Did Not Get Along, Despite Playing Best Friends In Movies And TV Shows", , ,https://www.buzzfeed.com/natashajokic1/tv-movie-best-friend-actor-feud
Quiz,2022-05-31 16:16:00,Choose A Celebrity And We'll Tell You Your Personality Trait, , ,https://www.buzzfeed.com/ramansidhu/celebrity-personality-trait-quiz
Quiz,2022-05-31 16:34:00,Which Hawkins High School Clique Do You Belong In?, , ,https://www.buzzfeed.com/aspa_ragus/stranger-things-hawkins-clique-quiz
Raw Feed,2022-05-31 16:56:00,"I'm Sickened At The Vile, Racist Comments So-Called ""Star Wars"" Fans Have Been Sending To Black Actor And ""Obi-Wan Kenobi"" Star Moses Ingram", , ,https://www.buzzfeed.com/morganmurrell/moses-ingram-star-wars-racist-comments
Quiz,2022-05-31 17:22:00,Build A Filipino Feast To Find Out Where You'll Be In 5 Years, , ,https://www.buzzfeed.com/kellymartinez/build-pancit-bbq-halo-halo-quiz
Raw Feed,2022-05-31 17:22:00,Characters Wearing Shoes To Bed Is The Bane Of My Existence — Here Are 14 Gross Examples, , ,https://www.buzzfeed.com/cathyngo/if-you-dont-cringe-at-these-images-youre-gross
Raw Feed,2022-05-31 17:37:00,"Hunter Schafer Revealed That Her Trans Assistant Was Denied Entry To A German Nightclub For Being ""Visibly"" Trans", , ,https://www.buzzfeed.com/larryfitzmaurice/hunter-schafer-german-nightclub-denied-entry
Raw Feed,2022-05-31 17:41:00,"Simu Liu Had To Wax His Entire Body For The ""Barbie"" Movie And He Almost Couldn't Handle The Pain", , ,https://www.buzzfeed.com/alexgurley/simu-liu-waxed-entire-body-barbie-movie
Raw Feed,2022-05-31 17:42:00,"The Nordstrom Half Yearly Sale Is Here And, My Stars, It's Great", , ,https://www.buzzfeed.com/isabellasarlija/the-nordstrom-half-yearly-sale-is-here-and-my-stars-its
Raw Feed,2022-05-31 17:46:00,20 Things From Nordstrom's Half-Yearly Sale That Are Bestsellers For A Reason, , ,https://www.buzzfeed.com/cierracowan/things-nordstrom-half-yearly-sale-bestsellers-cierracowan
Raw Feed,2022-05-31 17:51:00,"Here's What The ""Obi-Wan Kenobi"" Cast Looked Like When They Were First Getting Famous", , ,https://www.buzzfeed.com/michelelbird/obi-wan-kenobi-cast-then-vs-now
Raw Feed,2022-05-31 18:01:00,35 Things That’ll Basically Do Your Chores For You While You Bask In The Glory Of Your Newfound Free Time, , ,https://www.buzzfeed.com/jonathanmazzei/products-that-will-basically-do-your-chores-for-you-so-you
Quiz,2022-05-31 18:16:00,15 Editing Fails In Major TV Shows & Movies That Can't Be Ignored Once You Know About Them, , ,https://www.buzzfeed.com/jessg/tv-movie-editing-fails
Raw Feed,2022-05-31 18:36:00,10 Roles That Define The Mysterious Actor Joe Alwyn, , ,https://www.buzzfeed.com/danaelles/joe-alwyn-titles-to-stream-right-now
Raw Feed,2022-05-31 18:46:00,"People Reveal The Most Clueless Things Someone Has Said To Them, And I’m Almost Sorry For Laughing", , ,https://www.buzzfeed.com/mayaogolini/dumb-things-people-said
Raw Feed,2022-05-31 18:51:00,7 Romantic Comedies That Deserve An LGBTQ Reboot, , ,https://www.buzzfeed.com/willh4ff26dfb4/lgbtq-romcom-reboots
Raw Feed,2022-05-31 18:56:00,"Everyone Is Obsessed With ""Dear Billy"" From ""Stranger Things"" Season 4, Especially The Last Five Minutes", , ,https://www.buzzfeed.com/noradominick/stranger-things-dear-billy-sadie-sink-reactions-explainer
Raw Feed,2022-05-31 19:01:00,18 Pieces Of Clothing From Free People For Anyone Who Loves Summer But Hates Heat, , ,https://www.buzzfeed.com/cierracowan/free-people-anyone-who-loves-summer-hates-heat-cierracowan
Quiz,2022-05-31 19:45:00,"Let's Find Out Which ""Stranger Things"" Character You Are Deep Down", , ,https://www.buzzfeed.com/mikaela07/stranger-things-season-4-character-quiz
Quiz,2022-05-31 19:46:00,Do You Actually Like 2000s Fashion?, , ,https://www.buzzfeed.com/joannaborns/trends-from-2000s-checklist-quiz
Quiz,2022-05-31 19:47:00,Pick 6 Starbucks Treats And We'll Tell You What Color Matches Your Personality, , ,https://www.buzzfeed.com/sloanevandergrift/starbucks-color-of-aura-quiz
Raw Feed,2022-05-31 19:52:00,Here Are 21 API-Owned Small Businesses You Can Support Right Now, , ,https://www.buzzfeed.com/brittneytrinh/api-owned-small-businesses-to-follow
Raw Feed,2022-05-31 20:00:00,These 28 Accessories Might Be Exactly What You Need To Complete Your OOTD, , ,https://www.buzzfeed.com/imstephaniehope/accessories-to-complete-your-ootd
Raw Feed,2022-05-31 20:14:00,The BuzzFeed App Is Now 100% Kardashian-Free (If You Want It To Be), , ,https://www.buzzfeed.com/buzzfeedstaff/kim-theres-people-that-are-muting
Raw Feed,2022-05-31 20:16:00,"Brides Are Sharing Tips On How They Planned Their Wedding For Under $10K, And A Lot Of These Are Really Clever", , ,https://www.buzzfeed.com/fabianabuontempo/money-saving-tips-when-planning-a-wedding
Raw Feed,2022-05-31 20:19:00,"I Can't Get Over The Way Sophie Turner Puts On Lip Balm, But Honestly, It Makes A Lot Of Sense", , ,https://www.buzzfeed.com/morganmurrell/sophie-turner-lip-balm-trick
Quiz,2022-05-31 20:33:00,"With Part 2 On The Way, Let's Discuss The Wild Ride ""Stranger Things"" 4 Is Taking Us On", , ,https://www.buzzfeed.com/acampeny/stranger-things-season4-opinions-poll
Raw Feed,2022-05-31 20:46:00,"LGBTQ Adults Revealed What It Was Like Coming Out ""Later In Life,"" And Their Stories Are Really Eye-Opening", , ,https://www.buzzfeed.com/kaylayandoli/lgbtq-adults-coming-out-stories
Raw Feed,2022-05-31 21:01:00,27 Deals To Check Out This Week, , ,https://www.buzzfeed.com/alifacc/deals-to-check-out-this-week-5-31-22
Raw Feed,2022-05-31 21:01:00,Just 35 Products That'll Come In Clutch When Temperatures Soar This Summer, , ,https://www.buzzfeed.com/chelseastuart/products-for-when-temperatures-soar
Quiz,2022-05-31 21:06:00,"Everyone Is Like One Of The New ""Top Gun: Maverick"" Pilots — Here's Who You're Most Like", , ,https://www.buzzfeed.com/hrb441/top-gun-maverick-character-quiz
Quiz,2022-05-31 21:16:00,"I'm Bored And Looking To Start Some Drama, So Let's See Who You Think Is More Famous Between These Celebrity Siblings", , ,https://www.buzzfeed.com/bvasq896/which-celebrity-siblingdo-is-more-famous
Raw Feed,2022-05-31 21:16:00,85 Truly Astounding And Incredibly Interesting Facts I Learned In May, , ,https://www.buzzfeed.com/madisonmcgee/facts-i-learned-may-2022
Raw Feed,2022-05-31 21:23:00,"Meet Tanya Gupta, The Artist Who Transformed Ken's Voice Actor Into A Living, Breathing Ken Doll", , ,https://www.buzzfeed.com/pablovaldivia/photoshopped-ken-doll
Raw Feed,2022-05-31 21:25:00,"This Disabled Woman Tipped 26% And Asked Her Grubhub Driver To Drop Her Food Where She Could Get It — He Purposely Left It Out Of Her Reach, And We Need To Hold Businesses Accountable For Disability Discrimination", , ,https://www.buzzfeed.com/kristatorres/grubhub-disability-discrimination-tiktok
Raw Feed,2022-05-31 21:46:00,"Real-Life Couples Are Revealing How Often They Have Sex — And It's Proof That Intimacy Is So, So Different For Everyone", , ,https://www.buzzfeed.com/ravenishak/how-often-do-married-couples-have-sex
Raw Feed,2022-05-31 21:57:00,"I Went To Celeb Dermatologist Dr. Dendy To Get Preventive Botox, And This Is What Happened, How Much It Would Cost, And Everything You Need To Know", , ,https://www.buzzfeed.com/ryanschocket2/i-tried-botox-and-this-is-what-happened
Raw Feed,2022-05-31 21:59:00,"""Obi-Wan Kenobi"" Fans Rallied Behind Moses Ingram After She Received Hundreds Of Racist Comments After Joining The Franchise", , ,https://www.buzzfeed.com/morganmurrell/moses-ingram-obi-wan-kenobi-positive-tweets
Raw Feed,2022-05-31 22:01:00,"London Tipton From ""Suite Life"" Was THE Fashion Icon Of The 2000s, So Here's My Official Ranking Of Her Most Memorable Looks", , ,https://www.buzzfeed.com/lizmrichardson/suite-life-london-tipton-outfits-ranked
Quiz,2022-05-31 22:16:00,I Bet You Can't Name 25/36 Of These Characters From Movie Musicals, , ,https://www.buzzfeed.com/hannahdobro/name-these-movie-musical-characters
Raw Feed,2022-05-31 22:30:00,"This K-Pop Star Literally Puts Mashed Banana And Oats On Her Face Every Day, And Y'all, She Might Be On To Something", , ,https://www.buzzfeed.com/jenniferadams2/jeon-somi-banana-mask
Raw Feed,2022-05-31 22:46:00,"19 Outrageous, Problematic, And Scandalous Game Show Moments That Are Ingrained In My Brain", , ,https://www.buzzfeed.com/ryanschocket2/crazy-game-show-moments
Raw Feed,2022-05-31 23:16:00,"15 ""Criminal Minds"" Hot Takes That Has This Baby Girl Rethinking The Entire Series", , ,https://www.buzzfeed.com/ehisosifo1/unpopular-opinions-criminal-minds
Quiz,2022-05-31 23:46:00,"If You Can Identify All 12 Of These Polynesian Celebs, I'll Be Very Impressed", , ,https://www.buzzfeed.com/morgansloss1/famous-polynesian-quiz
Raw Feed,2022-06-01 00:01:00,35 Genius Products That Are Likely The Best Things You Never Knew You Needed, , ,https://www.buzzfeed.com/melanie_aman/best-products-never-knew-needed
Raw Feed,2022-06-01 00:16:00,"41 Of The Greatest Minor ""Simpsons"" Characters Of All Time, Ranked", , ,https://www.buzzfeed.com/jemimaskelley/minor-simpsons-characters-ranked
Raw Feed,2022-06-01 00:28:00,"Billie Eilish's Boyfriend, ""Men"" Star Matthew Tyler Vorce, Seemingly Confirms Their Split", , ,https://www.buzzfeed.com/morganmurrell/billie-eilish-matthew-tyler-vorce-break-up-rumors
Raw Feed,2022-06-01 00:46:00,"The ""Stranger Things"" Cast Is All Grown Up — Here's What They Looked Like In Their First Seasons Vs. Now", , ,https://www.buzzfeed.com/angelicaamartinez/stranger-things-cast-every-season
Raw Feed,2022-06-01 00:52:00,"29 Iconic Aussie People, Phrases And Pastimes That Explain Why We're All So Fucked Up", , ,https://www.buzzfeed.com/stephhazelton1/niche-australian-icons-that-shaped-our-culture
Raw Feed,2022-06-01 01:16:00,35 Photos From The American Healthcare System That Prove We're Living In A Dystopia, , ,https://www.buzzfeed.com/hannahmarder/american-healthcare-system-awful-photos
Raw Feed,2022-06-01 01:23:00,"Michael Flynn's Identity Was Not Improperly Revealed By Obama Officials, Secret DOJ Report Finds", , ,https://www.buzzfeednews.com/article/jasonleopold/heres-the-doj-report-finding-that-obama-officials-didnt
Quiz,2022-06-01 01:46:00,"Are You More ""To All The Boys I've Loved Before"" Or ""The Summer I Turned Pretty""?", , ,https://www.buzzfeed.com/jenniferabidor/which-jenny-han-series-are-you-quiz
Raw Feed,2022-06-01 02:01:00,32 Things For Anyone Who Needs An Easy Home Decor Fix, , ,https://www.buzzfeed.com/genevievescarano/things-for-anyone-who-needs-an-easy-home-decor-fix
Raw Feed,2022-06-01 02:16:00,"17 Mind-Flaying Moments ""Stranger Things 4 Vol.1""", , ,https://www.buzzfeed.com/anthonyorlando52/mind-flaying-moments-stranger-things-4-vol1
Raw Feed,2022-06-01 02:42:00,26 Pieces Of Decor From Small Businesses That Your Home That Will Leave Your Home Looking Refreshed, , ,https://www.buzzfeed.com/ryleejohnston/things-for-your-home-thatll-upgrade-your-decor-game-and-supp
Raw Feed,2022-06-01 03:01:00,25 Sex Prep Products To Keep You Prepared During The Warm Weather Hornies, , ,https://www.buzzfeed.com/negestikaudo/products-to-speed-up-your-sex-prep-routine
Raw Feed,2022-06-01 04:01:00,29 Things From Wayfair That’ll Bring Your Home Up To Date Without Breaking The Bank, , ,https://www.buzzfeed.com/hannalwilliams/things-from-wayfair-thatll-bring-your-home-up-to-date
Raw Feed,2022-06-01 05:00:00,27 Amazing Hair Products From Target That Really And Truly Work, , ,https://www.buzzfeed.com/tatayanayomary/amazing-hair-products-from-target-that-really-and-truly
Raw Feed,2022-06-01 06:01:00,20 Of The Best Grills Under $500 You Can Get At Walmart, , ,https://www.buzzfeed.com/jamesmcmahon/grills-under-500-dollars-walmart
Raw Feed,2022-06-01 06:02:00,33 Photos That Sum Up What Inflation In Australia Looks Like Right Now, , ,https://www.buzzfeed.com/juliawilling/australians-are-sharing-photos-inflation
Raw Feed,2022-06-01 06:24:00,Aussies Are Sharing What You Shouldn't Do When Visiting Our Country And It's So Insightful, , ,https://www.buzzfeed.com/stephhazelton1/what-not-to-do-down-under
Raw Feed,2022-06-01 10:01:00,31 Products You'll Wish You'd Bought Years Ago Because They're Immediately Useful, , ,https://www.buzzfeed.com/daniellehealy/products-youll-wish-youd-bought-years-ago
Raw Feed,2022-06-01 10:11:00,"Here's What The Characters Of ""Pistol"" Looked Like In Real Life", , ,https://www.buzzfeed.com/hanifahrahman/sex-pistols-irl
Raw Feed,2022-06-01 11:01:00,"If You *Love* Having A Clean Home, These 41 Products Are For You", , ,https://www.buzzfeed.com/chelseastuart/products-for-those-who-love-a-clean-home
Quiz,2022-06-01 12:00:00,Selena Quintanilla-Pérez Would Have Been 51 Years Old This Year – Take This Personality Quiz To Learn A Fun Fact About The Queen Of Tejano, , ,https://www.buzzfeed.com/devinherenda/selena-quintanilla-fun-fact-quiz
Raw Feed,2022-06-01 12:01:00,9 Things Reviewers Swear By For Dogs With Sensitive Stomachs, , ,https://www.buzzfeed.com/bekoconnell/swear-by-dogs-with-sensitive-stomachs
Raw Feed,2022-06-01 12:01:00,"39 Hilarious ""Grand Crew"" Moments That Will Make You Wish Season 2 Of The Series Was Here Already", , ,https://www.buzzfeed.com/devinherenda/39-moments-from-season-1-of-grand-crew-that-are-comedy-gold
Quiz,2022-06-01 12:01:00,"Poll: The Best Songs On Kendrick Lamar's New Album, ""Mr. Morale & The Big Steppers""", , ,https://www.buzzfeed.com/lamarxwest/kendricks-mr-morale-the-big-steppers-poll
Raw Feed,2022-06-01 12:46:00,"I Have A Huge Crush On My High School Teacher, And I Think She's Flirting Back — WTF Should I Do?", , ,https://www.buzzfeed.com/stephenlaconte/advice-crush-on-high-school-teacher
Raw Feed,2022-06-01 13:01:00,33 Somewhat Random Things To Buy For Your Home That'll Benefit You In The Long Run, , ,https://www.buzzfeed.com/danielboan/random-useful-home-products
Quiz,5/23/2022 16:46,I Gathered The Most Underrated Horror Movies From The '90s — How Well Do You Remember Them?, , ,https://www.buzzfeed.com/samantharose5678/90s-horror-movie-trivia
Quiz,5/27/2022 1:16,Do You Think These SNL Cast Members Should’ve Stayed Or Left?, , ,https://www.buzzfeed.com/kristenharris1/saturday-night-live-cast-stay-leave
Raw Feed,5/29/2022 17:46,17 Borderline Shocking Celebrity Facts That Are Really Fascinating, , ,https://www.buzzfeed.com/crystalro/celeb-facts-sound-fake-but-are-true
Raw Feed,5/30/2022 13:56,Kim Kardashian And Pete Davidson Just Debuted Their Matching Hair In A Seriously PDA-Heavy Instagram Video, , ,https://www.buzzfeednews.com/article/stephaniesoteriou/kim-kardashian-staring-self-kissing-pete-davidson
Raw Feed,5/30/2022 9:01,38 Bridal Shower Decorations So Awe-Worthy Your Wedding Guests Will Be Taking Notes, , ,https://www.buzzfeed.com/ryleejohnston/bridal-shower-decorations
